id;name;etype;price;count;inStock;archive;description
1;LG 20MT48VF-PZ LED TV black;1;789900;15;1;0;HD, 1366x768, DVB-T, DVB-T2, DVB-C, DVB-S2, HDMI x 1, USB x 1
2;LED BBK 32LEM-1090/T2C White TV;1;1099900;6;1;0;HD, 1366x768, DVB-T, DVB-T2, DVB-C, HDMI x 3, USB x 2, VGA (D-Sub)
3;LED TV LG 32LK519PLC white;1;1529900;7;0;0;HD, 1366x768, DVB-T2, DVB-C, DVB-S2, HDMI x 2, USB x 1
4;LED BBK 39LEX-7268/TS2C TV set black;1;1539900;0;0;1;HD, 1366x768, DVB-S2, DVB-S, DVB-C, DVB-T2, Wi-Fi, Android TV, HDMI x 3, USB x 2
5;LG XBOOM CM4360 home audio system;2;899900;5;1;0;2.0, 230 W, 100 Hz - 20 kHz, CD, USB, Bluetooth, WMA, MP3, FM, USB
6;Panasonic SC-HC410EE-S home audio system;2;985000;3;1;0;2.0, 40 W, CD, USB, Bluetooth, MP3, FM, USB
7;Sony MHC-M20D home audio system;2;2049900;5;0;0;2.0, 390 W, karaoke, DVD, CD, USB, Bluetooth, MPEG4, WMA, MP3, AAC, AM, FM, USB
8;Sony Shake-X10D home audio system;2;3499900;0;0;1;2.0, 1200 W, 20 Hz - 20 kHz, karaoke, DVD, CD, USB, Bluetooth, NFC, MPEG4, WMA, MP3, AAC, FM, USB
9;Samsung Galaxy A01 Core smartphone;3;589900;15;1;0;16GB Blue, 4x1.5GHz, 1GB, 2 SIM, PLS, 1480x720, 8MP camera, 4G, GPS, 3000mAh
10;Nokia C1 Plus smartphone;3;599900;10;1;0;16GB blue, 4x1.4GHz, 1GB, 2 SIM, IPS, 1440x720, 5MP camera, 4G, GPS, FM, 2500mAh
11;Realme C11 (2021) Smartphone;3;799900;2;0;0;32GB blue, 8x1.6GHz, 2GB, 2 SIM, 1600x720, 8MP camera, NFC, 4G, GPS, 5000mAh
12;Xiaomi Redmi 9A smartphone;3;799900;0;1;0;32GB blue, 8x2GHz, 2GB, 2 SIM, IPS, 1600x720, 13MP camera, 4G, GPS, 5000mAh
13;Samsung Galaxy A02 Smartphone;3;829900;1;0;0;32GB black, 4x1.5GHz, 2GB, 2 SIM, PLS, 1600x720, 13+2MP camera, 4G, GPS, FM, 5000mAh
14;Samsung GALAXY Tab A 8.0 2019 Tablet;4;1099900;10;1;0;32GB Black, 1280x800, TFT PLS, 4x2GHz, 2GB, BT, GPS, 5100mAh, Android 9.x+
15;Huawei T5 10 Tablet;4;1194900;5;1;0;16GB 3G LTE black, 1920x1200, IPS, 8x2.36GHz, 2GB, BT, GPS, 5100mAh, Android 8.x+
16;Lenovo M10 HD TB-X306F Tablet;4;1249900;2;0;0;32GB silver, 1280x800, IPS, 8x1.8GHz, 2GB, BT, GPS, 5000mAh, Android 10.x
17;Samsung Galaxy Tab A7 Tablet;4;1649900;0;0;1;32GB gold, 2000x1200, TFT PLS, 8x1.8GHz, 2GHz, 3GB, BT, GPS, 7040mAh, Android 10.x
18;Huawei Watch Fit smartwatch;5;749900;8;1;0;body - pink, strap - pink, Android 5.0 and above, iOS 9 and above, arm mount, Bluetooth, Wi-Fi, WR50
19;HUAWEI WATCH GT 2 Diana 42 mm Smart Watch;5;1199900;2;1;0;body - white, Android 4.4 and later, iOS 9 and later, arm mount, Bluetooth, IP68
20;Samsung Galaxy Watch Active smartwatch;5;1379900;1;0;0;body - blue, strap - blue, iOS, Android, arm mount, Bluetooth, Wi-Fi, NFC, IP68
21;Apple Watch Series 3 GPS 38mm Smart Watch;5;1799900;0;1;0;body - gray, strap - black, iOS 13 and higher, arm mount, Wi-Fi, NFC, IP68
22;Redmond SkyKettle RK-G212S Electric Kettle;6;179900;5;1;0;black, 1.7 l, 2200 W, hidden heating element, filter, material of body - heat-resistant glass, plastic
23;Xiaomi Mi Electric Kettle (EU version);6;185000;10;1;0;white, 1.5 l, 1800 W, the hidden heating element, the material of the body - stainless steel, plastic
24;Viomi V-MK151B Electric Kettle;6;189900;3;0;0;Silver, 1,5 l, 1800 W, the hidden heating element, the material of the body - stainless steel
25;Bosch TWK 3A014 Kettle;6;199900;1;0;0;red, 1.7 lt, 2400 W, recessed heater, filter, plastic material
26;Hisense H20MOBS1H Microwave Oven;7;399900;10;1;0;black, 20 l, 700 W, twist action switch, 44.6 cm x 24.5 cm x 36 cm
27;Midea MM720CFB Microwave Oven;7;399900;5;1;0;black, white, 20 l, 700 W, rotary knobs, 44 cm x 25.8 cm x 34.5 cm
28;Hotpoint-Ariston MWHR 3101 B Microwave Oven;7;449900;3;0;0;black, 20 l, 700 W, rotary switches, 45.2 cm x 26.2 cm x 36.5 cm
29;Microwave oven Winia KOR-660BWW;7;479900;0;0;1;white, 20 litres, 700 watts, rotary switches, display, 44.9 cm x 25.9 cm x 31.8 cm
30;Washing machine Candy CSS4 1062D1/2-07;8;1399900;0;0;1;washing - 6 kg, front load, consumption 45 l, spin: 1000 rpm, 16 programs, steam, 58 dB, 60 cm x 85 cm x 40.5 cm
31;Beko WDN 735P1 XSW washing machine;8;1499900;5;1;0;laundry - 7 kg, frontal load, 52 liters, wringing at 1000 rpm, programs - 15, 63 dB, 60 cm x 84 cm x 45 cm
32;Samsung WF8590NLW8DYLP washing machine;8;1969900;3;1;0;laundry - 6 kg, frontal load, 48 liters, spins - 1000 rpm, programs - 8, 60 dB, 60 cm x 85 cm x 45 cm
33;Haier HW60-1229AS washing machine;8;2099900;5;0;0;washing - 6 kg, front load, 40 liters, wringing - 1200 rpm, 11 programs, steam, 58 dB, 59.5 cm x 85 cm x 41 cm
34;BEKO RCSK310M20SB Refrigerator with freezer;9;2099900;10;1;0;beige, 300 l, plastic exterior, metal, bottom freezer, manual defrosting, 54 cm x 184 cm x 60 cm
35;Bosch KGV36NW1AR Fridge with freezer;9;2599900;4;1;0;white, 317 l, plastic-coated exterior, metal, freezer compartment - bottom, defrosting by hand, 60 cm x 185 cm x 65 cm
36;Samsung RT25HAR4DWW/WT fridge with freezer;9;2859900;1;0;0;white, 255 l, outer cover- plastic, freezing chamber from top, defrosting - No Frost, 55.5 cm x 163.5 cm x 63.7 cm
37;Refrigerator with freezer Bosch KGV36XL2AR;9;3299900;3;0;0;gray, 317 l, plastic-coated exterior, metal, freezer compartment from bottom, manual defrosting, 60 cm x 185 cm x 63 cm
38;Mystery MSS-09R05 split-system;10;1609900;4;0;0;Dehumidification, air blowing (ventilation), heating, cooling, to -25 m?, 37 dB
39;TCL TAC-09HRA/EF split system;10;1689900;1;1;0;Heating, cooling, to - 20 m?
40;Water heater Electrolux Smartfix 2.0 3.5 S;11;209900;5;1;0;flow-through, vertical installation, stainless steel, 3.5 kW, 1 minute heating time, 80, 27 cm x 13.5 cm x 10 c
41;Thermex Lanza 3500 water heater;11;259900;5;0;0;flow-through, horizontal installation, 3.5 kW, 45, 29.8 cm x 16.8 cm x 12.5 c
