id;lastname;firstname;patronymic;birthdate;position;gender
1;Khoroshilov;Sergey;Gavrilovich;20.12.1997;3;0
2;Konstantinova;Valentina;Petrovna;10.07.1999;2;1
3;Sergeyev;Eugene;Petrovich;01.03.1997;4;0
4;Petrov;Valentine;Konstantinovich;21.05.1993;5;0
5;Voloshenko;Peter;Borisovich;05.04.2002;1;0
6;Ivanova;Alexandra;Sergeyevna;15.08.1990;5;1
7;Mongush;Alexey;Vyacheslavovich;03.03.1993;4;0
8;Sidorov;Victor;Denisovich;02.06.2001;2;0
9;Viktorov;Timur;Viktorovich;17.03.2000;1;0
10;Mironov;Matvey;Arkadyevich;10.03.2000;2;0
11;Kupriyanov;Artem;Vyacheslavovich;17.05.1999;3;0
12;Petukhov;Boris;Petrovich;10.07.1994;4;0
13;Shcherbakova;Eugenia;Borisovna;01.03.1997;5;1
14;Leonov;Sergey;Dmitrievich;21.05.1993;3;0
15;Gordienko;Myron;Lavrentievich;05.04.2002;2;0
